<?xml version = '1.0' encoding = 'UTF-8'?>
<Entity class="oracle.dbtools.crest.model.design.logical.Entity" directorySegmentName="seg_0" id="2B3EA989-C60B-9C19-A4D5-3ACB282D2835" name="Mandat">
<createdBy>niebieskirekin</createdBy>
<createdTime>2024-10-15 20:10:07 UTC</createdTime>
<ownerDesignName>drogowka</ownerDesignName>
<engineerTo>
<item key="DDFD5617-CD5E-8FB4-46D0-E089DBDB55C4" value="true"/>
</engineerTo>
<adequatelyNormalized>NO</adequatelyNormalized>
<expectedVolumes>0</expectedVolumes>
<fwdEngineeringStrategyName>Single Table</fwdEngineeringStrategyName>
<growthPercent>0</growthPercent>
<growthType>Year</growthType>
<maxVolumes>9999999</maxVolumes>
<minVolumes>0</minVolumes>
<normalForm>Third</normalForm>
<preferredAbbreviation>Mandaty</preferredAbbreviation>
<shortName>MD</shortName>
<attributes itemClass="oracle.dbtools.crest.model.design.logical.Attribute">
<Attribute name="x wykroczenie" id="713C0BA0-2A4D-5BFD-B8A3-68B4E544BB99">
<createdBy>niebieskirekin</createdBy>
<createdTime>2024-10-15 20:40:03 UTC</createdTime>
<ownerDesignName>drogowka</ownerDesignName>
<engineerTo>
<item key="DDFD5617-CD5E-8FB4-46D0-E089DBDB55C4" value="true"/>
</engineerTo>
<nullsAllowed>true</nullsAllowed>
<use>0</use>
<ownDataTypeParameters>,,</ownDataTypeParameters>
</Attribute>
<Attribute name="x zdarzenie" id="911B4EE0-6DF0-9B6F-4ECA-0D4404BDC627">
<createdBy>niebieskirekin</createdBy>
<createdTime>2024-10-15 20:40:08 UTC</createdTime>
<ownerDesignName>drogowka</ownerDesignName>
<engineerTo>
<item key="DDFD5617-CD5E-8FB4-46D0-E089DBDB55C4" value="true"/>
</engineerTo>
<nullsAllowed>true</nullsAllowed>
<use>0</use>
<ownDataTypeParameters>,,</ownDataTypeParameters>
</Attribute>
<Attribute name="kwota" id="B035602B-9567-5B4B-C1A0-89F2E2D0857D">
<createdBy>niebieskirekin</createdBy>
<createdTime>2024-10-15 20:40:15 UTC</createdTime>
<ownerDesignName>drogowka</ownerDesignName>
<engineerTo>
<item key="DDFD5617-CD5E-8FB4-46D0-E089DBDB55C4" value="true"/>
</engineerTo>
<nullsAllowed>true</nullsAllowed>
<use>0</use>
<ownDataTypeParameters>,,</ownDataTypeParameters>
</Attribute>
</attributes>
</Entity>
