<?xml version = '1.0' encoding = 'UTF-8'?>
<Entity class="oracle.dbtools.crest.model.design.logical.Entity" directorySegmentName="seg_0" id="6BF0A7A2-0FCD-9139-345F-8FA6C35DD75B" name="Świadek">
<createdBy>niebieskirekin</createdBy>
<createdTime>2024-10-15 20:32:44 UTC</createdTime>
<ownerDesignName>drogowka</ownerDesignName>
<engineerTo>
<item key="DDFD5617-CD5E-8FB4-46D0-E089DBDB55C4" value="true"/>
</engineerTo>
<adequatelyNormalized>NO</adequatelyNormalized>
<expectedVolumes>0</expectedVolumes>
<fwdEngineeringStrategyName>Single Table</fwdEngineeringStrategyName>
<growthPercent>0</growthPercent>
<growthType>Year</growthType>
<maxVolumes>9999999</maxVolumes>
<minVolumes>0</minVolumes>
<normalForm>Third</normalForm>
<preferredAbbreviation>Świadkowie</preferredAbbreviation>
<shortName>SW</shortName>
</Entity>
