<?xml version = '1.0' encoding = 'UTF-8'?>
<Entity class="oracle.dbtools.crest.model.design.logical.Entity" directorySegmentName="seg_0" id="E9CF4928-A0D4-CE99-F9CD-384C42B0FCA2" name="Zgłaszający">
<createdBy>niebieskirekin</createdBy>
<createdTime>2024-10-15 20:32:09 UTC</createdTime>
<ownerDesignName>drogowka</ownerDesignName>
<engineerTo>
<item key="DDFD5617-CD5E-8FB4-46D0-E089DBDB55C4" value="true"/>
</engineerTo>
<adequatelyNormalized>NO</adequatelyNormalized>
<expectedVolumes>0</expectedVolumes>
<fwdEngineeringStrategyName>Single Table</fwdEngineeringStrategyName>
<growthPercent>0</growthPercent>
<growthType>Year</growthType>
<maxVolumes>9999999</maxVolumes>
<minVolumes>0</minVolumes>
<normalForm>Third</normalForm>
<preferredAbbreviation>Zgłaszający</preferredAbbreviation>
<shortName>ZG</shortName>
</Entity>
