<?xml version = '1.0' encoding = 'UTF-8'?>
<Entity class="oracle.dbtools.crest.model.design.logical.Entity" directorySegmentName="seg_0" id="FD083DFC-6E91-3807-C4A7-01BDD63FD3CA" name="Osoba">
<createdBy>niebieskirekin</createdBy>
<createdTime>2024-10-15 20:12:42 UTC</createdTime>
<ownerDesignName>drogowka</ownerDesignName>
<engineerTo>
<item key="DDFD5617-CD5E-8FB4-46D0-E089DBDB55C4" value="true"/>
</engineerTo>
<adequatelyNormalized>NO</adequatelyNormalized>
<expectedVolumes>0</expectedVolumes>
<fwdEngineeringStrategyName>Single Table</fwdEngineeringStrategyName>
<growthPercent>0</growthPercent>
<growthType>Year</growthType>
<maxVolumes>9999999</maxVolumes>
<minVolumes>0</minVolumes>
<normalForm>Third</normalForm>
<preferredAbbreviation>Osoby</preferredAbbreviation>
<shortName>OS</shortName>
<attributes itemClass="oracle.dbtools.crest.model.design.logical.Attribute">
<Attribute name="imie" id="5A4E3AC7-81CD-58BF-10C8-77CA8C342849">
<createdBy>niebieskirekin</createdBy>
<createdTime>2024-10-15 20:28:28 UTC</createdTime>
<ownerDesignName>drogowka</ownerDesignName>
<engineerTo>
<item key="DDFD5617-CD5E-8FB4-46D0-E089DBDB55C4" value="true"/>
</engineerTo>
<nullsAllowed>true</nullsAllowed>
<use>0</use>
<ownDataTypeParameters>,,</ownDataTypeParameters>
</Attribute>
<Attribute name="nazwisko" id="A91AB0AA-44E0-677F-805D-4ABC440FFF7F">
<createdBy>niebieskirekin</createdBy>
<createdTime>2024-10-15 20:28:36 UTC</createdTime>
<ownerDesignName>drogowka</ownerDesignName>
<engineerTo>
<item key="DDFD5617-CD5E-8FB4-46D0-E089DBDB55C4" value="true"/>
</engineerTo>
<nullsAllowed>true</nullsAllowed>
<use>0</use>
<ownDataTypeParameters>,,</ownDataTypeParameters>
</Attribute>
<Attribute name="PESEL" id="E3A6336F-DB5E-CB58-B595-8665C2E7920A">
<createdBy>niebieskirekin</createdBy>
<createdTime>2024-10-15 20:28:40 UTC</createdTime>
<ownerDesignName>drogowka</ownerDesignName>
<engineerTo>
<item key="DDFD5617-CD5E-8FB4-46D0-E089DBDB55C4" value="true"/>
</engineerTo>
<nullsAllowed>true</nullsAllowed>
<use>0</use>
<ownDataTypeParameters>,,</ownDataTypeParameters>
</Attribute>
<Attribute name="nr_telefonu" id="2EAFC6E8-5416-B63E-52D8-40B629C1F53C">
<createdBy>niebieskirekin</createdBy>
<createdTime>2024-10-15 20:28:43 UTC</createdTime>
<ownerDesignName>drogowka</ownerDesignName>
<engineerTo>
<item key="DDFD5617-CD5E-8FB4-46D0-E089DBDB55C4" value="true"/>
</engineerTo>
<nullsAllowed>true</nullsAllowed>
<use>0</use>
<ownDataTypeParameters>,,</ownDataTypeParameters>
</Attribute>
<Attribute name="czy_zyje" id="51E00178-4C27-BF06-5D55-721630D65258">
<createdBy>niebieskirekin</createdBy>
<createdTime>2024-10-15 20:48:03 UTC</createdTime>
<ownerDesignName>drogowka</ownerDesignName>
<engineerTo>
<item key="DDFD5617-CD5E-8FB4-46D0-E089DBDB55C4" value="true"/>
</engineerTo>
<nullsAllowed>true</nullsAllowed>
<use>0</use>
<ownDataTypeParameters>,,</ownDataTypeParameters>
</Attribute>
<Attribute name="nr_dowodu_osobistego" id="526496E0-E336-8B40-BB49-8968894704CC">
<createdBy>niebieskirekin</createdBy>
<createdTime>2024-10-15 20:52:48 UTC</createdTime>
<ownerDesignName>drogowka</ownerDesignName>
<engineerTo>
<item key="DDFD5617-CD5E-8FB4-46D0-E089DBDB55C4" value="true"/>
</engineerTo>
<nullsAllowed>true</nullsAllowed>
<use>0</use>
<ownDataTypeParameters>,,</ownDataTypeParameters>
</Attribute>
<Attribute name="data_urodzenia" id="0EF99309-70F9-9032-9243-024F0A5178EF">
<createdBy>niebieskirekin</createdBy>
<createdTime>2024-10-15 20:53:22 UTC</createdTime>
<ownerDesignName>drogowka</ownerDesignName>
<engineerTo>
<item key="DDFD5617-CD5E-8FB4-46D0-E089DBDB55C4" value="true"/>
</engineerTo>
<nullsAllowed>true</nullsAllowed>
<use>0</use>
<ownDataTypeParameters>,,</ownDataTypeParameters>
</Attribute>
<Attribute name="miejsce_urodzenia" id="EBE64BDD-339E-DDDC-980C-C53AF8048B6D">
<createdBy>niebieskirekin</createdBy>
<createdTime>2024-10-15 20:53:26 UTC</createdTime>
<ownerDesignName>drogowka</ownerDesignName>
<engineerTo>
<item key="DDFD5617-CD5E-8FB4-46D0-E089DBDB55C4" value="true"/>
</engineerTo>
<nullsAllowed>true</nullsAllowed>
<use>0</use>
<ownDataTypeParameters>,,</ownDataTypeParameters>
</Attribute>
</attributes>
</Entity>
