<?xml version = '1.0' encoding = 'UTF-8'?>
<relationalModel class="oracle.dbtools.crest.model.design.relational.RelationalDesign" name="Relational_1" id="DDFD5617-CD5E-8FB4-46D0-E089DBDB55C4" mainViewID="0F3FEF98-4388-93A9-E725-B96185B2081F">
<createdBy>niebieskirekin</createdBy>
<createdTime>2024-10-15 20:07:43 UTC</createdTime>
<ownerDesignName>drogowka</ownerDesignName>
<shouldBeOpen>false</shouldBeOpen>
<selectedRDBMSSite>32076570-2523-435C-2E92-BF29817DFF70</selectedRDBMSSite>
</relationalModel>